collection,source,long_name,nature,provider,url_metadata,doi,version,spatial_resolution_m,temporal_resolution,temporal_resolution_unit,spatial_coverage,start_date,end_date,indicative_latency_days,url_manual_access,status,login,url_opendapserver,url_programmatic_access,url_opendapexample,dim_lon,dim_lat,dim_time,dim_proj,crs
MOD11A1.006,MODIS,MODIS/Terra Land Surface Temperature/Emissivity Daily L3 Global 1km SIN Grid V006,Land surface temperature,NASA USGS LP DAAC,https://lpdaac.usgs.gov/products/mod11a1v006,https://dx.doi.org/10.5067/MODIS/MOD11A1.006,6,1000,1,day,Global,2000-02-24,ongoing,3,https://search.earthdata.nasa.gov/search?q=MOD11A1.006&ok=MOD11A1.006,Implemented,earthdata,https://opendap.cr.usgs.gov/opendap/hyrax/,https://opendap.cr.usgs.gov/opendap/hyrax/MOD11A1.006/contents.html,https://opendap.cr.usgs.gov/opendap/hyrax/MOD11A1.006/h00v08.ncml,XDim,YDim,time,MODIS_Grid_Daily_1km_LST_eos_cf_projection,+proj=sinu +lon_0=0 +x_0=0 +y_0=0 +a=6371007.181 +b=6371007.181 +units=m +no_defs
MYD11A1.006,MODIS,MODIS/Aqua Land Surface Temperature/Emissivity Daily L3 Global 1km SIN Grid V006,Land surface temperature,NASA USGS LP DAAC,https://lpdaac.usgs.gov/products/myd11a1v006,https://dx.doi.org/10.5067/MODIS/MYD11A1.006,6,1000,1,day,Global,2002-07-05,ongoing,2,https://search.earthdata.nasa.gov/search?q=MYD11A1.006&ok=MYD11A1.006,Implemented,earthdata,https://opendap.cr.usgs.gov/opendap/hyrax/,https://opendap.cr.usgs.gov/opendap/hyrax/MYD11A1.006/contents.html,https://opendap.cr.usgs.gov/opendap/hyrax/MYD11A1.006/h00v08.ncml,XDim,YDim,time,MODIS_Grid_Daily_1km_LST_eos_cf_projection,+proj=sinu +lon_0=0 +x_0=0 +y_0=0 +a=6371007.181 +b=6371007.181 +units=m +no_defs
MOD11A2.006,MODIS,MODIS/Terra Land Surface Temperature/Emissivity 8-Day L3 Global 1 km SIN Grid V006,Land surface temperature,NASA USGS LP DAAC,https://lpdaac.usgs.gov/products/mod11a2v006,https://dx.doi.org/10.5067/MODIS/MOD11A2.006,6,1000,8,day,Global,2000-02-18,ongoing,12,https://search.earthdata.nasa.gov/search?q=MOD11A2.006&ok=MOD11A2.006,Implemented,earthdata,https://opendap.cr.usgs.gov/opendap/hyrax/,https://opendap.cr.usgs.gov/opendap/hyrax/MOD11A2.006/contents.html,https://opendap.cr.usgs.gov/opendap/hyrax/MOD11A2.006/h00v08.ncml,XDim,YDim,time,MODIS_Grid_8Day_1km_LST_eos_cf_projection,+proj=sinu +lon_0=0 +x_0=0 +y_0=0 +a=6371007.181 +b=6371007.181 +units=m +no_defs
MYD11A2.006,MODIS,MODIS/Aqua Land Surface Temperature/Emissivity 8-Day L3 Global 1 km SIN Grid V006,Land surface temperature,NASA USGS LP DAAC,https://lpdaac.usgs.gov/products/myd11a2v006,https://dx.doi.org/10.5067/MODIS/MYD11A2.006,6,1000,8,day,Global,2002-07-04,ongoing,12,https://search.earthdata.nasa.gov/search?q=MYD11A2.006&ok=MYD11A2.006,Implemented,earthdata,https://opendap.cr.usgs.gov/opendap/hyrax/,https://opendap.cr.usgs.gov/opendap/hyrax/MYD11A2.006/contents.html,https://opendap.cr.usgs.gov/opendap/hyrax/MYD11A2.006/h00v08.ncml,XDim,YDim,time,MODIS_Grid_8Day_1km_LST_eos_cf_projection,+proj=sinu +lon_0=0 +x_0=0 +y_0=0 +a=6371007.181 +b=6371007.181 +units=m +no_defs
MOD13Q1.006,MODIS,MODIS/Terra Vegetation Indices 16-Day L3 Global 250m SIN Grid V006,Vegetation indices,NASA USGS LP DAAC,https://lpdaac.usgs.gov/products/mod13q1v006,https://dx.doi.org/10.5067/MODIS/MOD13Q1.006,6,250,16,day,Global,2000-02-18,ongoing,28,https://search.earthdata.nasa.gov/search?q=MOD13Q1.006&ok=MOD13Q1.006,Implemented,earthdata,https://opendap.cr.usgs.gov/opendap/hyrax/,https://opendap.cr.usgs.gov/opendap/hyrax/MOD13Q1.006/contents.html,https://opendap.cr.usgs.gov/opendap/hyrax/MOD13Q1.006/h00v08.ncml,XDim,YDim,time,MODIS_Grid_16DAY_250m_500m_VI_eos_cf_projection,+proj=sinu +lon_0=0 +x_0=0 +y_0=0 +a=6371007.181 +b=6371007.181 +units=m +no_defs
MYD13Q1.006,MODIS,MODIS/Aqua Vegetation Indices 16-Day L3 Global 250m SIN Grid V006,Vegetation indices,NASA USGS LP DAAC,https://lpdaac.usgs.gov/products/myd13q1v006,https://dx.doi.org/10.5067/MODIS/MYD13Q1.006,6,250,16,day,Global,2002-07-04,ongoing,20,https://search.earthdata.nasa.gov/search?q=MYD13Q1.006&ok=MYD13Q1.006,Implemented,earthdata,https://opendap.cr.usgs.gov/opendap/hyrax/,https://opendap.cr.usgs.gov/opendap/hyrax/MYD13Q1.006/contents.html,https://opendap.cr.usgs.gov/opendap/hyrax/MYD13Q1.006/h00v08.ncml,XDim,YDim,time,MODIS_Grid_16DAY_250m_500m_VI_eos_cf_projection,+proj=sinu +lon_0=0 +x_0=0 +y_0=0 +a=6371007.181 +b=6371007.181 +units=m +no_defs
MOD16A2.006,MODIS,MODIS/Terra Net Evapotranspiration 8-Day L4 Global 500m SIN Grid V006,Evapotranspiration,NASA USGS LP DAAC,https://lpdaac.usgs.gov/products/mod16a2v006,https://dx.doi.org/10.5067/MODIS/MOD16A2.006,6,500,8,day,Global,2001-01-01,ongoing,20,https://search.earthdata.nasa.gov/search?q=MOD16A2.006&ok=MOD16A2.006,Implemented,earthdata,https://opendap.cr.usgs.gov/opendap/hyrax/,https://opendap.cr.usgs.gov/opendap/hyrax/MOD16A2.006/contents.html,https://opendap.cr.usgs.gov/opendap/hyrax/MOD16A2.006/h00v08.ncml,XDim,YDim,time,MOD_Grid_MOD16A2_eos_cf_projection,+proj=sinu +lon_0=0 +x_0=0 +y_0=0 +a=6371007.181 +b=6371007.181 +units=m +no_defs
MYD16A2.006,MODIS,MODIS/Aqua Net Evapotranspiration 8-Day L4 Global 500m SIN Grid V006,Evapotranspiration,NASA USGS LP DAAC,https://lpdaac.usgs.gov/products/myd16a2v006,https://dx.doi.org/10.5067/MODIS/MYD16A2.006,6,500,8,day,Global,2002-07-04,ongoing,20,https://search.earthdata.nasa.gov/search?q=MYD16A2.006&ok=MYD16A2.006,Implemented,earthdata,https://opendap.cr.usgs.gov/opendap/hyrax/,https://opendap.cr.usgs.gov/opendap/hyrax/MYD16A2.006/contents.html,https://opendap.cr.usgs.gov/opendap/hyrax/MYD16A2.006/h00v08.ncml,XDim,YDim,time,MOD_Grid_MOD16A2_eos_cf_projection,+proj=sinu +lon_0=0 +x_0=0 +y_0=0 +a=6371007.181 +b=6371007.181 +units=m +no_defs
MCD12Q1.006,MODIS,MODIS/Terra+Aqua Land Cover Type Yearly L3 Global 500 m SIN Grid,Land cover,NASA USGS LP DAAC,https://lpdaac.usgs.gov/products/mcd12q1v006,https://dx.doi.org/10.5067/MODIS/MCD12Q1.006,6,500,365,day,Global,2001-01-01,ongoing,774,https://search.earthdata.nasa.gov/search?q=MCD12Q1.006&ok=MCD12Q1.006,Implemented,earthdata,https://opendap.cr.usgs.gov/opendap/hyrax/,https://opendap.cr.usgs.gov/opendap/hyrax/MCD12Q1.006/contents.html,https://opendap.cr.usgs.gov/opendap/hyrax/MCD12Q1.006/h00v08.ncml,XDim,YDim,time,MCD12Q1_eos_cf_projection,+proj=sinu +lon_0=0 +x_0=0 +y_0=0 +a=6371007.181 +b=6371007.181 +units=m +no_defs
MCD15A2H.006,MODIS,MODIS/Terra+Aqua Leaf Area Index/FPAR 8-Day L4 Global 500 m SIN Grid,Leaf area index,NASA USGS LP DAAC,https://lpdaac.usgs.gov/products/mcd15a2hv006,https://dx.doi.org/10.5067/MODIS/MCD15A2H.006,6,500,8,day,Global,2002-07-04,ongoing,12,https://search.earthdata.nasa.gov/search?q=MCD15A2H.006&ok=MCD15A2H.006,Implemented,earthdata,https://opendap.cr.usgs.gov/opendap/hyrax/,https://opendap.cr.usgs.gov/opendap/hyrax/MCD15A2H.006/contents.html,https://opendap.cr.usgs.gov/opendap/hyrax/MCD15A2H.006/h00v08.ncml,XDim,YDim,time,MOD_Grid_MOD15A2H_eos_cf_projection,+proj=sinu +lon_0=0 +x_0=0 +y_0=0 +a=6371007.181 +b=6371007.181 +units=m +no_defs
MCD15A3H.006,MODIS,MODIS/Terra+Aqua Leaf Area Index/FPAR 4-Day L4 Global 500 m SIN Grid,Leaf area index,NASA USGS LP DAAC,https://lpdaac.usgs.gov/products/mcd15a3hv006,https://dx.doi.org/10.5067/MODIS/MCD15A3H.006,6,500,4,day,Global,2002-07-04,ongoing,8,https://search.earthdata.nasa.gov/search?q=MCD15A3H.006&ok=MCD15A3H.006,Implemented,earthdata,https://opendap.cr.usgs.gov/opendap/hyrax/,https://opendap.cr.usgs.gov/opendap/hyrax/MCD15A3H.006/contents.html,https://opendap.cr.usgs.gov/opendap/hyrax/MCD15A3H.006/h00v08.ncml,XDim,YDim,time,MOD_Grid_MCD15A3H_eos_cf_projection,+proj=sinu +lon_0=0 +x_0=0 +y_0=0 +a=6371007.181 +b=6371007.181 +units=m +no_defs
MCD43A1.006,MODIS,MODIS/Terra and Aqua BRDF/Albedo Model Parameters Daily L3 Global 500 m SIN Grid,Albedo,NASA USGS LP DAAC,https://lpdaac.usgs.gov/products/mcd43a1v006,https://dx.doi.org/10.5067/MODIS/MCD43A1.006,6,500,1,day,Global,2000-02-24,ongoing,10,https://search.earthdata.nasa.gov/search?q=MCD43A1.006&ok=MCD43A1.006,Implemented,earthdata,https://opendap.cr.usgs.gov/opendap/hyrax/,https://opendap.cr.usgs.gov/opendap/hyrax/MCD43A1.006/contents.html,https://opendap.cr.usgs.gov/opendap/hyrax/MCD43A1.006/h00v08.ncml,XDim,YDim,time,MOD_Grid_BRDF_eos_cf_projection,+proj=sinu +lon_0=0 +x_0=0 +y_0=0 +a=6371007.181 +b=6371007.181 +units=m +no_defs
MCD43A2.006,MODIS,MODIS/Terra and Aqua BRDF/Albedo Quality Daily L3 Global 500 m SIN Grid,Albedo,NASA USGS LP DAAC,https://lpdaac.usgs.gov/products/mcd43a2v006,https://dx.doi.org/10.5067/MODIS/MCD43A2.006,6,500,1,day,Global,2000-02-24,ongoing,10,https://search.earthdata.nasa.gov/search?q=MCD43A2.006&ok=MCD43A2.006,Implemented,earthdata,https://opendap.cr.usgs.gov/opendap/hyrax/,https://opendap.cr.usgs.gov/opendap/hyrax/MCD43A2.006/contents.html,https://opendap.cr.usgs.gov/opendap/hyrax/MCD43A2.006/h00v08.ncml,XDim,YDim,time,MOD_Grid_BRDF_eos_cf_projection,+proj=sinu +lon_0=0 +x_0=0 +y_0=0 +a=6371007.181 +b=6371007.181 +units=m +no_defs
MCD43A3.006,MODIS,MODIS/Terra and Aqua Albedo Daily L3 Global 500 m SIN Grid,Albedo,NASA USGS LP DAAC,https://lpdaac.usgs.gov/products/mcd43a3v006,https://dx.doi.org/10.5067/MODIS/MCD43A3.006,6,500,1,day,Global,2000-02-24,ongoing,10,https://search.earthdata.nasa.gov/search?q=MCD43A3.006&ok=MCD43A3.006,Implemented,earthdata,https://opendap.cr.usgs.gov/opendap/hyrax/,https://opendap.cr.usgs.gov/opendap/hyrax/MCD43A3.006/contents.html,https://opendap.cr.usgs.gov/opendap/hyrax/MCD43A3.006/h00v08.ncml,XDim,YDim,time,MOD_Grid_BRDF_eos_cf_projection,+proj=sinu +lon_0=0 +x_0=0 +y_0=0 +a=6371007.181 +b=6371007.181 +units=m +no_defs
MCD43A4.006,MODIS,MODIS/Terra and Aqua Nadir BRDF-Adjusted Reflectance Daily L3 Global 500 m SIN Grid,Surface reflectance,NASA USGS LP DAAC,https://lpdaac.usgs.gov/products/mcd43a4v006,https://dx.doi.org/10.5067/MODIS/MCD43A4.006,6,500,1,day,Global,2000-02-24,ongoing,10,https://search.earthdata.nasa.gov/search?q=MCD43A4.006&ok=MCD43A4.006,Implemented,earthdata,https://opendap.cr.usgs.gov/opendap/hyrax/,https://opendap.cr.usgs.gov/opendap/hyrax/MCD43A4.006/contents.html,https://opendap.cr.usgs.gov/opendap/hyrax/MCD43A4.006/h00v08.ncml,XDim,YDim,time,MOD_Grid_BRDF_eos_cf_projection,+proj=sinu +lon_0=0 +x_0=0 +y_0=0 +a=6371007.181 +b=6371007.181 +units=m +no_defs
MCD64A1.006,MODIS,MODIS/Terra+Aqua Burned Area Monthly L3 Global 500 m SIN Grid,Burned areas,NASA USGS LP DAAC,https://lpdaac.usgs.gov/products/mcd64a1v006,https://dx.doi.org/10.5067/MODIS/MCD64A1.006,6,500,30,day,Global,2000-11-01,ongoing,75,https://search.earthdata.nasa.gov/search?q=MCD64A1.006&ok=MCD64A1.006,Implemented,earthdata,https://opendap.cr.usgs.gov/opendap/hyrax/,https://opendap.cr.usgs.gov/opendap/hyrax/MCD64A1.006/contents.html,https://opendap.cr.usgs.gov/opendap/hyrax/MCD64A1.006/h00v08.ncml,XDim,YDim,time,MOD_Grid_Monthly_500m_DB_BA_eos_cf_projection,+proj=sinu +lon_0=0 +x_0=0 +y_0=0 +a=6371007.181 +b=6371007.181 +units=m +no_defs
MOD09A1.006,MODIS,MODIS/Terra Surface Reflectance 8-Day L3 Global 500 m SIN Grid,Surface reflectance,NASA USGS LP DAAC,https://lpdaac.usgs.gov/products/mod09a1v006,https://dx.doi.org/10.5067/MODIS/MOD09A1.006,6,500,8,day,Global,2000-02-18,ongoing,12,https://search.earthdata.nasa.gov/search?q=MOD09A1.006&ok=MOD09A1.006,Implemented,earthdata,https://opendap.cr.usgs.gov/opendap/hyrax/,https://opendap.cr.usgs.gov/opendap/hyrax/MOD09A1.006/contents.html,https://opendap.cr.usgs.gov/opendap/hyrax/MOD09A1.006/h00v08.ncml,XDim,YDim,time,MOD_Grid_500m_Surface_Reflectance_eos_cf_projection,+proj=sinu +lon_0=0 +x_0=0 +y_0=0 +a=6371007.181 +b=6371007.181 +units=m +no_defs
MYD09A1.006,MODIS,MODIS/Aqua Surface Reflectance 8-Day L3 Global 500 m SIN Grid,Surface reflectance,NASA USGS LP DAAC,https://lpdaac.usgs.gov/products/myd09a1v006,https://dx.doi.org/10.5067/MODIS/MYD09A1.006,6,500,8,day,Global,2002-07-04,ongoing,12,https://search.earthdata.nasa.gov/search?q=MYD09A1.006&ok=MYD09A1.006,Implemented,earthdata,https://opendap.cr.usgs.gov/opendap/hyrax/,https://opendap.cr.usgs.gov/opendap/hyrax/MYD09A1.006/contents.html,https://opendap.cr.usgs.gov/opendap/hyrax/MYD09A1.006/h00v08.ncml,XDim,YDim,time,MOD_Grid_500m_Surface_Reflectance_eos_cf_projection,+proj=sinu +lon_0=0 +x_0=0 +y_0=0 +a=6371007.181 +b=6371007.181 +units=m +no_defs
MOD09GA.006,MODIS,MODIS/Terra Surface Reflectance Daily L2G Global 1 km and 500 m SIN Grid,Surface reflectance,NASA USGS LP DAAC,https://lpdaac.usgs.gov/products/mod09gav006,https://dx.doi.org/10.5067/MODIS/MOD09GA.006,6,1000,1,day,Global,2000-02-24,ongoing,3,https://search.earthdata.nasa.gov/search?q=MOD09GA.006&ok=MOD09GA.006,Implemented,earthdata,https://opendap.cr.usgs.gov/opendap/hyrax/,https://opendap.cr.usgs.gov/opendap/hyrax/MOD09GA.006/contents.html,https://opendap.cr.usgs.gov/opendap/hyrax/MOD09GA.006/h00v08.ncml,XDim,YDim,time,MODIS_Grid_500m_2D_eos_cf_projection,+proj=sinu +lon_0=0 +x_0=0 +y_0=0 +a=6371007.181 +b=6371007.181 +units=m +no_defs
MYD09GA.006,MODIS,MODIS/Aqua Surface Reflectance Daily L2G Global 1 km and 500 m SIN Grid,Surface reflectance,NASA USGS LP DAAC,https://lpdaac.usgs.gov/products/myd09gav006,https://dx.doi.org/10.5067/MODIS/MYD09GA.006,6,1000,1,day,Global,2002-07-04,ongoing,2,https://search.earthdata.nasa.gov/search?q=MYD09GA.006&ok=MYD09GA.006,Implemented,earthdata,https://opendap.cr.usgs.gov/opendap/hyrax/,https://opendap.cr.usgs.gov/opendap/hyrax/MYD09GA.006/contents.html,https://opendap.cr.usgs.gov/opendap/hyrax/MYD09GA.006/h00v08.ncml,XDim,YDim,time,MODIS_Grid_500m_2D_eos_cf_projection,+proj=sinu +lon_0=0 +x_0=0 +y_0=0 +a=6371007.181 +b=6371007.181 +units=m +no_defs
MOD09GQ.006,MODIS,MODIS/Terra Surface Reflectance Daily L2G Global 250 m SIN Grid,Surface reflectance,NASA USGS LP DAAC,https://lpdaac.usgs.gov/products/mod09gqv006,https://dx.doi.org/10.5067/MODIS/MOD09GQ.006,6,250,1,day,Global,2000-02-24,ongoing,3,https://search.earthdata.nasa.gov/search?q=MOD09GQ.006&ok=MOD09GQ.006,Implemented,earthdata,https://opendap.cr.usgs.gov/opendap/hyrax/,https://opendap.cr.usgs.gov/opendap/hyrax/MOD09GQ.006/contents.html,https://opendap.cr.usgs.gov/opendap/hyrax/MOD09GQ.006/h00v08.ncml,XDim,YDim,time,MODIS_Grid_2D_eos_cf_projection,+proj=sinu +lon_0=0 +x_0=0 +y_0=0 +a=6371007.181 +b=6371007.181 +units=m +no_defs
MYD09GQ.006,MODIS,MODIS/Aqua Surface Reflectance Daily L2G Global 250 m SIN Grid,Surface reflectance,NASA USGS LP DAAC,https://lpdaac.usgs.gov/products/myd09gqv006,https://dx.doi.org/10.5067/MODIS/MYD09GQ.006,6,250,1,day,Global,2002-07-04,ongoing,2,https://search.earthdata.nasa.gov/search?q=MYD09GQ.006&ok=MYD09GQ.006,Implemented,earthdata,https://opendap.cr.usgs.gov/opendap/hyrax/,https://opendap.cr.usgs.gov/opendap/hyrax/MYD09GQ.006/contents.html,https://opendap.cr.usgs.gov/opendap/hyrax/MYD09GQ.006/h00v08.ncml,XDim,YDim,time,MODIS_Grid_2D_eos_cf_projection,+proj=sinu +lon_0=0 +x_0=0 +y_0=0 +a=6371007.181 +b=6371007.181 +units=m +no_defs
MOD09Q1.006,MODIS,MODIS/Terra Surface Reflectance 8-Day L3 Global 250 m SIN Grid,Surface reflectance,NASA USGS LP DAAC,https://lpdaac.usgs.gov/products/mod09q1v006,https://dx.doi.org/10.5067/MODIS/MOD09Q1.006,6,250,8,day,Global,2000-02-18,ongoing,12,https://search.earthdata.nasa.gov/search?q=MOD09Q1.006&ok=MOD09Q1.006,Implemented,earthdata,https://opendap.cr.usgs.gov/opendap/hyrax/,https://opendap.cr.usgs.gov/opendap/hyrax/MOD09Q1.006/contents.html,https://opendap.cr.usgs.gov/opendap/hyrax/MOD09Q1.006/h00v08.ncml,XDim,YDim,time,MOD_Grid_250m_Surface_Reflectance_eos_cf_projection,+proj=sinu +lon_0=0 +x_0=0 +y_0=0 +a=6371007.181 +b=6371007.181 +units=m +no_defs
MYD09Q1.006,MODIS,MODIS/Aqua Surface Reflectance 8-Day L3 Global 250 m SIN Grid,Surface reflectance,NASA USGS LP DAAC,https://lpdaac.usgs.gov/products/myd09q1v006,https://dx.doi.org/10.5067/MODIS/MYD09Q1.006,6,250,8,day,Global,2002-07-04,ongoing,12,https://search.earthdata.nasa.gov/search?q=MYD09Q1.006&ok=MYD09Q1.006,Implemented,earthdata,https://opendap.cr.usgs.gov/opendap/hyrax/,https://opendap.cr.usgs.gov/opendap/hyrax/MYD09Q1.006/contents.html,https://opendap.cr.usgs.gov/opendap/hyrax/MYD09Q1.006/h00v08.ncml,XDim,YDim,time,MOD_Grid_250m_Surface_Reflectance_eos_cf_projection,+proj=sinu +lon_0=0 +x_0=0 +y_0=0 +a=6371007.181 +b=6371007.181 +units=m +no_defs
MOD11B2.006,MODIS,MODIS/Terra Land Surface Temperature/Emissivity 8-Day L3 Global 6 km SIN Grid,Land surface temperature,NASA USGS LP DAAC,https://lpdaac.usgs.gov/products/mod11b2v006,https://dx.doi.org/10.5067/MODIS/MOD11B2.006,6,6000,8,day,Global,2000-02-18,ongoing,12,https://search.earthdata.nasa.gov/search?q=MOD11B2.006&ok=MOD11B2.006,Implemented,earthdata,https://opendap.cr.usgs.gov/opendap/hyrax/,https://opendap.cr.usgs.gov/opendap/hyrax/MOD11B2.006/contents.html,https://opendap.cr.usgs.gov/opendap/hyrax/MOD11B2.006/h00v08.ncml,XDim,YDim,time,MODIS_Grid_8Day_6km_LST_eos_cf_projection,+proj=sinu +lon_0=0 +x_0=0 +y_0=0 +a=6371007.181 +b=6371007.181 +units=m +no_defs
MYD11B2.006,MODIS,MODIS/Aqua Land Surface Temperature/Emissivity 8-Day L3 Global 6 km SIN Grid,Land surface temperature,NASA USGS LP DAAC,https://lpdaac.usgs.gov/products/myd11b2v006,https://dx.doi.org/10.5067/MODIS/MYD11B2.006,6,6000,8,day,Global,2002-07-04,ongoing,12,https://search.earthdata.nasa.gov/search?q=MYD11B2.006&ok=MYD11B2.006,Implemented,earthdata,https://opendap.cr.usgs.gov/opendap/hyrax/,https://opendap.cr.usgs.gov/opendap/hyrax/MYD11B2.006/contents.html,https://opendap.cr.usgs.gov/opendap/hyrax/MYD11B2.006/h00v08.ncml,XDim,YDim,time,MODIS_Grid_8Day_6km_LST_eos_cf_projection,+proj=sinu +lon_0=0 +x_0=0 +y_0=0 +a=6371007.181 +b=6371007.181 +units=m +no_defs
MOD11B3.006,MODIS,MODIS/Terra Land Surface Temperature/Emissivity Monthly L3 Global 6 km SIN Grid,Land surface temperature,NASA USGS LP DAAC,https://lpdaac.usgs.gov/products/mod11b3v006,https://dx.doi.org/10.5067/MODIS/MOD11B3.006,6,6000,30,day,Global,2000-02-01,ongoing,44,https://search.earthdata.nasa.gov/search?q=MOD11B3.006&ok=MOD11B3.006,Implemented,earthdata,https://opendap.cr.usgs.gov/opendap/hyrax/,https://opendap.cr.usgs.gov/opendap/hyrax/MOD11B3.006/contents.html,https://opendap.cr.usgs.gov/opendap/hyrax/MOD11B3.006/h00v08.ncml,XDim,YDim,time,MODIS_Grid_Month_6km_LST_eos_cf_projection,+proj=sinu +lon_0=0 +x_0=0 +y_0=0 +a=6371007.181 +b=6371007.181 +units=m +no_defs
MYD11B3.006,MODIS,MODIS/Aqua Land Surface Temperature/Emissivity Monthly L3 Global 6 km SIN Grid,Land surface temperature,NASA USGS LP DAAC,https://lpdaac.usgs.gov/products/myd11b3v006,https://dx.doi.org/10.5067/MODIS/MYD11B3.006,6,6000,30,day,Global,2002-07-01,ongoing,44,https://search.earthdata.nasa.gov/search?q=MYD11B3.006&ok=MYD11B3.006,Implemented,earthdata,https://opendap.cr.usgs.gov/opendap/hyrax/,https://opendap.cr.usgs.gov/opendap/hyrax/MYD11B3.006/contents.html,https://opendap.cr.usgs.gov/opendap/hyrax/MYD11B3.006/h00v08.ncml,XDim,YDim,time,MODIS_Grid_Month_6km_LST_eos_cf_projection,+proj=sinu +lon_0=0 +x_0=0 +y_0=0 +a=6371007.181 +b=6371007.181 +units=m +no_defs
MOD13A1.006,MODIS,MODIS/Terra Vegetation Indices 16-Day L3 Global 500 m SIN Grid,Vegetation indices,NASA USGS LP DAAC,https://lpdaac.usgs.gov/products/mod13a1v006,https://dx.doi.org/10.5067/MODIS/MOD13A1.006,6,500,16,day,Global,2000-02-18,ongoing,28,https://search.earthdata.nasa.gov/search?q=MOD13A1.006&ok=MOD13A1.006,Implemented,earthdata,https://opendap.cr.usgs.gov/opendap/hyrax/,https://opendap.cr.usgs.gov/opendap/hyrax/MOD13A1.006/contents.html,https://opendap.cr.usgs.gov/opendap/hyrax/MOD13A1.006/h00v08.ncml,XDim,YDim,time,MODIS_Grid_16DAY_500m_VI_eos_cf_projection,+proj=sinu +lon_0=0 +x_0=0 +y_0=0 +a=6371007.181 +b=6371007.181 +units=m +no_defs
MYD13A1.006,MODIS,MODIS/Aqua Vegetation Indices 16-Day L3 Global 500 m SIN Grid,Vegetation indices,NASA USGS LP DAAC,https://lpdaac.usgs.gov/products/myd13a1v006,https://dx.doi.org/10.5067/MODIS/MYD13A1.006,6,500,16,day,Global,2002-07-04,ongoing,20,https://search.earthdata.nasa.gov/search?q=MYD13A1.006&ok=MYD13A1.006,Implemented,earthdata,https://opendap.cr.usgs.gov/opendap/hyrax/,https://opendap.cr.usgs.gov/opendap/hyrax/MYD13A1.006/contents.html,https://opendap.cr.usgs.gov/opendap/hyrax/MYD13A1.006/h00v08.ncml,XDim,YDim,time,MODIS_Grid_16DAY_500m_VI_eos_cf_projection,+proj=sinu +lon_0=0 +x_0=0 +y_0=0 +a=6371007.181 +b=6371007.181 +units=m +no_defs
MOD13A2.006,MODIS,MODIS/Terra Vegetation Indices 16-Day L3 Global 1 km SIN Grid,Vegetation indices,NASA USGS LP DAAC,https://lpdaac.usgs.gov/products/mod13a2v006,https://dx.doi.org/10.5067/MODIS/MOD13A2.006,6,1000,16,day,Global,2000-02-18,ongoing,28,https://search.earthdata.nasa.gov/search?q=MOD13A2.006&ok=MOD13A2.006,Implemented,earthdata,https://opendap.cr.usgs.gov/opendap/hyrax/,https://opendap.cr.usgs.gov/opendap/hyrax/MOD13A2.006/contents.html,https://opendap.cr.usgs.gov/opendap/hyrax/MOD13A2.006/h00v08.ncml,XDim,YDim,time,MODIS_Grid_16DAY_1km_VI_eos_cf_projection,+proj=sinu +lon_0=0 +x_0=0 +y_0=0 +a=6371007.181 +b=6371007.181 +units=m +no_defs
MYD13A2.006,MODIS,MODIS/Aqua Vegetation Indices 16-Day L3 Global 1 km SIN Grid,Vegetation indices,NASA USGS LP DAAC,https://lpdaac.usgs.gov/products/myd13a2v006,https://dx.doi.org/10.5067/MODIS/MYD13A2.006,6,1000,16,day,Global,2002-07-04,ongoing,20,https://search.earthdata.nasa.gov/search?q=MYD13A2.006&ok=MYD13A2.006,Implemented,earthdata,https://opendap.cr.usgs.gov/opendap/hyrax/,https://opendap.cr.usgs.gov/opendap/hyrax/MYD13A2.006/contents.html,https://opendap.cr.usgs.gov/opendap/hyrax/MYD13A2.006/h00v08.ncml,XDim,YDim,time,MODIS_Grid_16DAY_1km_VI_eos_cf_projection,+proj=sinu +lon_0=0 +x_0=0 +y_0=0 +a=6371007.181 +b=6371007.181 +units=m +no_defs
MOD13A3.006,MODIS,MODIS/Terra Vegetation Indices Monthly L3 Global 1 km SIN Grid,Vegetation indices,NASA USGS LP DAAC,https://lpdaac.usgs.gov/products/mod13a3v006,https://dx.doi.org/10.5067/MODIS/MOD13A3.006,6,1000,30,day,Global,2000-02-01,ongoing,44,https://search.earthdata.nasa.gov/search?q=MOD13A3.006&ok=MOD13A3.006,Implemented,earthdata,https://opendap.cr.usgs.gov/opendap/hyrax/,https://opendap.cr.usgs.gov/opendap/hyrax/MOD13A3.006/contents.html,https://opendap.cr.usgs.gov/opendap/hyrax/MOD13A3.006/h00v08.ncml,XDim,YDim,time,MOD_Grid_monthly_1km_VI_eos_cf_projection,+proj=sinu +lon_0=0 +x_0=0 +y_0=0 +a=6371007.181 +b=6371007.181 +units=m +no_defs
MYD13A3.006,MODIS,MODIS/Aqua Vegetation Indices Monthly L3 Global 1 km SIN Grid,Vegetation indices,NASA USGS LP DAAC,https://lpdaac.usgs.gov/products/myd13a3v006,https://dx.doi.org/10.5067/MODIS/MYD13A3.006,6,1000,30,day,Global,2002-07-01,ongoing,44,https://search.earthdata.nasa.gov/search?q=MYD13A3.006&ok=MYD13A3.006,Implemented,earthdata,https://opendap.cr.usgs.gov/opendap/hyrax/,https://opendap.cr.usgs.gov/opendap/hyrax/MYD13A3.006/contents.html,https://opendap.cr.usgs.gov/opendap/hyrax/MYD13A3.006/h00v08.ncml,XDim,YDim,time,MOD_Grid_monthly_1km_VI_eos_cf_projection,+proj=sinu +lon_0=0 +x_0=0 +y_0=0 +a=6371007.181 +b=6371007.181 +units=m +no_defs
MOD15A2H.006,MODIS,MODIS/Terra Leaf Area Index/FPAR 8-Day L4 Global 500 m SIN Grid,Leaf area index,NASA USGS LP DAAC,https://lpdaac.usgs.gov/products/mod15a2hv006,https://dx.doi.org/10.5067/MODIS/MOD15A2H.006,6,500,8,day,Global,2000-02-18,ongoing,12,https://search.earthdata.nasa.gov/search?q=MOD15A2H.006&ok=MOD15A2H.006,Implemented,earthdata,https://opendap.cr.usgs.gov/opendap/hyrax/,https://opendap.cr.usgs.gov/opendap/hyrax/MOD15A2H.006/contents.html,https://opendap.cr.usgs.gov/opendap/hyrax/MOD15A2H.006/h00v08.ncml,XDim,YDim,time,MOD_Grid_MOD15A2H_eos_cf_projection,+proj=sinu +lon_0=0 +x_0=0 +y_0=0 +a=6371007.181 +b=6371007.181 +units=m +no_defs
MYD15A2H.006,MODIS,MODIS/Aqua Leaf Area Index/FPAR 8-Day L4 Global 500 m SIN Grid,Leaf area index,NASA USGS LP DAAC,https://lpdaac.usgs.gov/products/myd15a2hv006,https://dx.doi.org/10.5067/MODIS/MYD15A2H.006,6,500,8,day,Global,2002-07-04,ongoing,12,https://search.earthdata.nasa.gov/search?q=MYD15A2H.006&ok=MYD15A2H.006,Implemented,earthdata,https://opendap.cr.usgs.gov/opendap/hyrax/,https://opendap.cr.usgs.gov/opendap/hyrax/MYD15A2H.006/contents.html,https://opendap.cr.usgs.gov/opendap/hyrax/MYD15A2H.006/h00v08.ncml,XDim,YDim,time,MOD_Grid_MOD15A2H_eos_cf_projection,+proj=sinu +lon_0=0 +x_0=0 +y_0=0 +a=6371007.181 +b=6371007.181 +units=m +no_defs
MOD16A2GF.006,MODIS,MODIS/Terra Net Evapotranspiration Gap-Filled 8-Day L4 Global 500 m SIN Grid,Evapotranspiration,NASA USGS LP DAAC,https://lpdaac.usgs.gov/products/mod16a2gfv006,https://dx.doi.org/10.5067/MODIS/MOD16A2GF.006,6,500,8,day,Global,2000-01-01,ongoing,49,https://search.earthdata.nasa.gov/search?q=MOD16A2GF.006&ok=MOD16A2GF.006,Implemented,earthdata,https://opendap.cr.usgs.gov/opendap/hyrax/,https://opendap.cr.usgs.gov/opendap/hyrax/MOD16A2GF.006/contents.html,https://opendap.cr.usgs.gov/opendap/hyrax/MOD16A2GF.006/h00v08.ncml,XDim,YDim,time,MOD_Grid_MOD16A2_eos_cf_projection,+proj=sinu +lon_0=0 +x_0=0 +y_0=0 +a=6371007.181 +b=6371007.181 +units=m +no_defs
MYD16A2GF.006,MODIS,MODIS/Aqua Net Evapotranspiration Gap-Filled 8-Day L4 Global 500 m SIN Grid,Evapotranspiration,NASA USGS LP DAAC,https://lpdaac.usgs.gov/products/myd16a2gfv006,https://dx.doi.org/10.5067/MODIS/MYD16A2GF.006,6,500,8,day,Global,2002-01-01,ongoing,49,https://search.earthdata.nasa.gov/search?q=MYD16A2GF.006&ok=MYD16A2GF.006,Implemented,earthdata,https://opendap.cr.usgs.gov/opendap/hyrax/,https://opendap.cr.usgs.gov/opendap/hyrax/MYD16A2GF.006/contents.html,https://opendap.cr.usgs.gov/opendap/hyrax/MYD16A2GF.006/h00v08.ncml,XDim,YDim,time,MOD_Grid_MOD16A2_eos_cf_projection,+proj=sinu +lon_0=0 +x_0=0 +y_0=0 +a=6371007.181 +b=6371007.181 +units=m +no_defs
MOD16A3GF.006,MODIS,MODIS/Terra Net Evapotranspiration Gap-Filled Yearly L4 Global 500 m SIN Grid,Evapotranspiration,NASA USGS LP DAAC,https://lpdaac.usgs.gov/products/mod16a3gfv006,https://dx.doi.org/10.5067/MODIS/MOD16A3GF.006,6,500,365,day,Global,2000-02-18,ongoing,409,https://search.earthdata.nasa.gov/search?q=MOD16A3GF.006&ok=MOD16A3GF.006,Implemented,earthdata,https://opendap.cr.usgs.gov/opendap/hyrax/,https://opendap.cr.usgs.gov/opendap/hyrax/MOD16A3GF.006/contents.html,https://opendap.cr.usgs.gov/opendap/hyrax/MOD16A3GF.006/h00v08.ncml,XDim,YDim,time,MOD_Grid_MOD16A3_eos_cf_projection,+proj=sinu +lon_0=0 +x_0=0 +y_0=0 +a=6371007.181 +b=6371007.181 +units=m +no_defs
MYD16A3GF.006,MODIS,MODIS/Aqua Net Evapotranspiration Gap-Filled Yearly L4 Global 500 m SIN Grid,Evapotranspiration,NASA USGS LP DAAC,https://lpdaac.usgs.gov/products/myd16a3gfv006,https://dx.doi.org/10.5067/MODIS/MYD16A3GF.006,6,500,365,day,Global,2002-07-04,ongoing,409,https://search.earthdata.nasa.gov/search?q=MYD16A3GF.006&ok=MYD16A3GF.006,Implemented,earthdata,https://opendap.cr.usgs.gov/opendap/hyrax/,https://opendap.cr.usgs.gov/opendap/hyrax/MYD16A3GF.006/contents.html,https://opendap.cr.usgs.gov/opendap/hyrax/MYD16A3GF.006/h00v08.ncml,XDim,YDim,time,MOD_Grid_MOD16A3_eos_cf_projection,+proj=sinu +lon_0=0 +x_0=0 +y_0=0 +a=6371007.181 +b=6371007.181 +units=m +no_defs
MOD17A2H.006,MODIS,MODIS/Aqua Gross Primary Productivity 8-Day L4 Global 500 m SIN Grid,Primary Productivity,NASA USGS LP DAAC,https://lpdaac.usgs.gov/products/mod17a2hv006,https://dx.doi.org/10.5067/MODIS/MOD17A2H.006,6,500,8,day,Global,2000-02-18,ongoing,12,https://search.earthdata.nasa.gov/search?q=MOD17A2H.006&ok=MOD17A2H.006,Implemented,earthdata,https://opendap.cr.usgs.gov/opendap/hyrax/,https://opendap.cr.usgs.gov/opendap/hyrax/MOD17A2H.006/contents.html,https://opendap.cr.usgs.gov/opendap/hyrax/MOD17A2H.006/h00v08.ncml,XDim,YDim,time,MOD_Grid_MOD17A2H_eos_cf_projection,+proj=sinu +lon_0=0 +x_0=0 +y_0=0 +a=6371007.181 +b=6371007.181 +units=m +no_defs
MYD17A2H.006,MODIS,MODIS/Terra Gross Primary Productivity 8-Day L4 Global 500 m SIN Grid,Primary Productivity,NASA USGS LP DAAC,https://lpdaac.usgs.gov/products/myd17a2hv006,https://dx.doi.org/10.5067/MODIS/MYD17A2H.006,6,500,8,day,Global,2002-07-04,ongoing,12,https://search.earthdata.nasa.gov/search?q=MYD17A2H.006&ok=MYD17A2H.006,Implemented,earthdata,https://opendap.cr.usgs.gov/opendap/hyrax/,https://opendap.cr.usgs.gov/opendap/hyrax/MYD17A2H.006/contents.html,https://opendap.cr.usgs.gov/opendap/hyrax/MYD17A2H.006/h00v08.ncml,XDim,YDim,time,MOD_Grid_MOD17A2H_eos_cf_projection,+proj=sinu +lon_0=0 +x_0=0 +y_0=0 +a=6371007.181 +b=6371007.181 +units=m +no_defs
MOD17A2HGF.006,MODIS,MODIS/Terra Gross Primary Productivity Gap-Filled 8-Day L4 Global 500 m SIN Grid,Primary Productivity,NASA USGS LP DAAC,https://lpdaac.usgs.gov/products/mod17a2hgfv006,https://dx.doi.org/10.5067/MODIS/MOD17A2HGF.006,6,500,8,day,Global,2000-01-01,ongoing,49,https://search.earthdata.nasa.gov/search?q=MOD17A2HGF.006&ok=MOD17A2HGF.006,Implemented,earthdata,https://opendap.cr.usgs.gov/opendap/hyrax/,https://opendap.cr.usgs.gov/opendap/hyrax/MOD17A2HGF.006/contents.html,https://opendap.cr.usgs.gov/opendap/hyrax/MOD17A2HGF.006/h00v08.ncml,XDim,YDim,time,MOD_Grid_MOD17A2H_eos_cf_projection,+proj=sinu +lon_0=0 +x_0=0 +y_0=0 +a=6371007.181 +b=6371007.181 +units=m +no_defs
MYD17A2HGF.006,MODIS,MODIS/Aqua Gross Primary Productivity Gap-Filled 8-Day L4 Global 500 m SIN Grid,Primary Productivity,NASA USGS LP DAAC,https://lpdaac.usgs.gov/products/myd17a2hgfv006,https://dx.doi.org/10.5067/MODIS/MYD17A2HGF.006,6,500,8,day,Global,2002-01-01,ongoing,49,https://search.earthdata.nasa.gov/search?q=MYD17A2HGF.006&ok=MYD17A2HGF.006,Implemented,earthdata,https://opendap.cr.usgs.gov/opendap/hyrax/,https://opendap.cr.usgs.gov/opendap/hyrax/MYD17A2HGF.006/contents.html,https://opendap.cr.usgs.gov/opendap/hyrax/MYD17A2HGF.006/h00v08.ncml,XDim,YDim,time,MOD_Grid_MOD17A2H_eos_cf_projection,+proj=sinu +lon_0=0 +x_0=0 +y_0=0 +a=6371007.181 +b=6371007.181 +units=m +no_defs
MOD17A3.055,MODIS,MODIS/Terra Net Primary Production Yearly L4 Global 1 km SIN Grid,Primary Productivity,NASA USGS LP DAAC,,,5.5,500,365,day,Global,2000-01-01,ongoing,2235,https://search.earthdata.nasa.gov/search?q=MOD17A3.055&ok=MOD17A3.055,Implemented,earthdata,https://opendap.cr.usgs.gov/opendap/hyrax/,https://opendap.cr.usgs.gov/opendap/hyrax/MOD17A3.055/contents.html,https://opendap.cr.usgs.gov/opendap/hyrax/MOD17A3.055/h00v08.ncml,XDim,YDim,time,MOD_Grid_MOD17A3_eos_cf_projection,+proj=sinu +lon_0=0 +x_0=0 +y_0=0 +a=6371007.181 +b=6371007.181 +units=m +no_defs
MOD17A3HGF.006,MODIS,MODIS/Terra Net Primary Production Gap-Filled Yearly L4 Global 500 m SIN Grid,Primary Productivity,NASA USGS LP DAAC,https://lpdaac.usgs.gov/products/mod17a3hgfv006,https://dx.doi.org/10.5067/MODIS/MOD17A3HGF.006,6,500,365,day,Global,2000-02-18,ongoing,409,https://search.earthdata.nasa.gov/search?q=MOD17A3HGF.006&ok=MOD17A3HGF.006,Implemented,earthdata,https://opendap.cr.usgs.gov/opendap/hyrax/,https://opendap.cr.usgs.gov/opendap/hyrax/MOD17A3HGF.006/contents.html,https://opendap.cr.usgs.gov/opendap/hyrax/MOD17A3HGF.006/h00v08.ncml,XDim,YDim,time,MOD_Grid_MOD17A3H_eos_cf_projection,+proj=sinu +lon_0=0 +x_0=0 +y_0=0 +a=6371007.181 +b=6371007.181 +units=m +no_defs
MYD17A3HGF.006,MODIS,MODIS/Aqua Net Primary Production Gap-Filled Yearly L4 Global 500 m SIN Grid,Primary Productivity,NASA USGS LP DAAC,https://lpdaac.usgs.gov/products/myd17a3hgfv006,https://dx.doi.org/10.5067/MODIS/MYD17A3HGF.006,6,500,365,day,Global,2002-07-04,ongoing,409,https://search.earthdata.nasa.gov/search?q=MYD17A3HGF.006&ok=MYD17A3HGF.006,Implemented,earthdata,https://opendap.cr.usgs.gov/opendap/hyrax/,https://opendap.cr.usgs.gov/opendap/hyrax/MYD17A3HGF.006/contents.html,https://opendap.cr.usgs.gov/opendap/hyrax/MYD17A3HGF.006/h00v08.ncml,XDim,YDim,time,MOD_Grid_MOD17A3H_eos_cf_projection,+proj=sinu +lon_0=0 +x_0=0 +y_0=0 +a=6371007.181 +b=6371007.181 +units=m +no_defs
MODOCGA.006,MODIS,MODIS/Terra Ocean Reflectance Daily L2G-Lite Global 1 km SIN Grid ,Ocean Reflectance,NASA USGS LP DAAC,https://lpdaac.usgs.gov/products/modocgav006,https://dx.doi.org/10.5067/MODIS/MODOCGA.006,6,1000,1,day,Global,2000-02-24,ongoing,3,https://search.earthdata.nasa.gov/search?q=MODOCGA.006&ok=MODOCGA.006,Implemented,earthdata,https://opendap.cr.usgs.gov/opendap/hyrax/,https://opendap.cr.usgs.gov/opendap/hyrax/MODOCGA.006/contents.html,https://opendap.cr.usgs.gov/opendap/hyrax/MODOCGA.006/h00v08.ncml,XDim,YDim,time,MODIS_Grid_2D_eos_cf_projection,+proj=sinu +lon_0=0 +x_0=0 +y_0=0 +a=6371007.181 +b=6371007.181 +units=m +no_defs
MYDOCGA.006,MODIS,MODIS/Aqua Ocean Reflectance Daily L2G-Lite Global 1 km SIN Grid ,Ocean Reflectance,NASA USGS LP DAAC,https://lpdaac.usgs.gov/products/mydocgav006,https://dx.doi.org/10.5067/MODIS/MYDOCGA.006,6,1000,1,day,Global,2002-07-04,ongoing,2,https://search.earthdata.nasa.gov/search?q=MYDOCGA.006&ok=MYDOCGA.006,Implemented,earthdata,https://opendap.cr.usgs.gov/opendap/hyrax/,https://opendap.cr.usgs.gov/opendap/hyrax/MYDOCGA.006/contents.html,https://opendap.cr.usgs.gov/opendap/hyrax/MYDOCGA.006/h00v08.ncml,XDim,YDim,time,MODIS_Grid_2D_eos_cf_projection,+proj=sinu +lon_0=0 +x_0=0 +y_0=0 +a=6371007.181 +b=6371007.181 +units=m +no_defs
MODTBGA.006,MODIS,MODIS/Terra Thermal Bands Daily L2G-Lite Global 1 km SIN Grid,Thermal Bands,NASA USGS LP DAAC,https://lpdaac.usgs.gov/products/modtbgav006,https://dx.doi.org/10.5067/MODIS/MODTBGA.006,6,1000,1,day,Global,2000-02-24,ongoing,3,https://search.earthdata.nasa.gov/search?q=MODTBGA.006&ok=MODTBGA.006,Implemented,earthdata,https://opendap.cr.usgs.gov/opendap/hyrax/,https://opendap.cr.usgs.gov/opendap/hyrax/MODTBGA.006/contents.html,https://opendap.cr.usgs.gov/opendap/hyrax/MODTBGA.006/h00v08.ncml,XDim,YDim,time,MODIS_Grid_2D_eos_cf_projection,+proj=sinu +lon_0=0 +x_0=0 +y_0=0 +a=6371007.181 +b=6371007.181 +units=m +no_defs
MYDTBGA.006,MODIS,MODIS/Aqua Thermal Bands Daily L2G-Lite Global 1 km SIN Grid,Thermal Bands,NASA USGS LP DAAC,https://lpdaac.usgs.gov/products/mydtbgav006,https://dx.doi.org/10.5067/MODIS/MYDTBGA.006,6,1000,1,day,Global,2002-07-04,ongoing,2,https://search.earthdata.nasa.gov/search?q=MYDTBGA.006&ok=MYDTBGA.006,Implemented,earthdata,https://opendap.cr.usgs.gov/opendap/hyrax/,https://opendap.cr.usgs.gov/opendap/hyrax/MYDTBGA.006/contents.html,https://opendap.cr.usgs.gov/opendap/hyrax/MYDTBGA.006/h00v08.ncml,XDim,YDim,time,MODIS_Grid_2D_eos_cf_projection,+proj=sinu +lon_0=0 +x_0=0 +y_0=0 +a=6371007.181 +b=6371007.181 +units=m +no_defs
VNP21A1D.001,VIIRS,VIIRS/NPP Land Surface Temperature and Emissivity Daily L3 Global 1 km SIN Grid Day ,Land surface temperature,NASA USGS LP DAAC,https://lpdaac.usgs.gov/products/vnp21a1dv001,https://doi.org/10.5067/VIIRS/VNP21A1D.001,1,1000,1,day,Global,2012-01-19,ongoing,45,https://search.earthdata.nasa.gov/search?q=VNP21A1D.001&ok=VNP21A1D.001,Implemented,earthdata,https://opendap.cr.usgs.gov/opendap/hyrax/,https://opendap.cr.usgs.gov/opendap/hyrax/VNP21A1D.001/contents.html,https://opendap.cr.usgs.gov/opendap/hyrax/VNP21A1D.001/h00v08.ncml,XDim,YDim,time,eos_cf_projection,+proj=sinu +lon_0=0 +x_0=0 +y_0=0 +a=6371007.181 +b=6371007.181 +units=m +no_defs
VNP21A1N.001,VIIRS,VIIRS/NPP Land Surface Temperature and Emissivity Daily L3 Global 1 km SIN Grid Night ,Land surface temperature,NASA USGS LP DAAC,https://lpdaac.usgs.gov/products/vnp21a1nv001,https://doi.org/10.5067/VIIRS/VNP21A1N.001,1,1000,1,day,Global,2012-01-19,ongoing,45,https://search.earthdata.nasa.gov/search?q=VNP21A1N.001&ok=VNP21A1N.001,Implemented,earthdata,https://opendap.cr.usgs.gov/opendap/hyrax/,https://opendap.cr.usgs.gov/opendap/hyrax/VNP21A1N.001/contents.html,https://opendap.cr.usgs.gov/opendap/hyrax/VNP21A1N.001/h00v08.ncml,XDim,YDim,time,eos_cf_projection,+proj=sinu +lon_0=0 +x_0=0 +y_0=0 +a=6371007.181 +b=6371007.181 +units=m +no_defs
VNP21A2.001,VIIRS,VIIRS/NPP Land Surface Temperature and Emissivity 8-Day L3 Global 1 km SIN Grid,Land surface temperature,NASA USGS LP DAAC,https://lpdaac.usgs.gov/products/vnp21a2v001,https://doi.org/10.5067/VIIRS/VNP21A2.001,1,1000,8,day,Global,2012-01-25,ongoing,57,https://search.earthdata.nasa.gov/search?q=VNP21A2.001&ok=VNP21A2.001,Implemented,earthdata,https://opendap.cr.usgs.gov/opendap/hyrax/,https://opendap.cr.usgs.gov/opendap/hyrax/VNP21A2.001/contents.html,https://opendap.cr.usgs.gov/opendap/hyrax/VNP21A2.001/h00v08.ncml,XDim,YDim,time,eos_cf_projection,+proj=sinu +lon_0=0 +x_0=0 +y_0=0 +a=6371007.181 +b=6371007.181 +units=m +no_defs
VNP13A1.001,VIIRS,VIIRS/NPP Vegetation Indices 16-Day L3 Global 500 m SIN Grid,Vegetation indices,NASA USGS LP DAAC,https://lpdaac.usgs.gov/products/vnp13a1v001,https://doi.org/10.5067/VIIRS/VNP13A1.001,1,500,16,day,Global,2012-01-17,ongoing,20,https://search.earthdata.nasa.gov/search?q=VNP13A1.001&ok=VNP13A1.001,Implemented,earthdata,https://opendap.cr.usgs.gov/opendap/hyrax/,https://opendap.cr.usgs.gov/opendap/hyrax/VNP13A1.001/contents.html,https://opendap.cr.usgs.gov/opendap/hyrax/VNP13A1.001/h00v08.ncml,XDim,YDim,time,eos_cf_projection,+proj=sinu +lon_0=0 +x_0=0 +y_0=0 +a=6371007.181 +b=6371007.181 +units=m +no_defs
VNP09A1.001,VIIRS,VIIRS/NPP Surface Reflectance 8-Day L3 Global 1 km SIN Grid,Surface reflectance,NASA USGS LP DAAC,https://lpdaac.usgs.gov/products/vnp09a1v001,https://doi.org/10.5067/VIIRS/VNP09A1.001,1,1000,8,day,Global,2012-01-17,ongoing,12,https://search.earthdata.nasa.gov/search?q=VNP09A1.001&ok=VNP09A1.001,Implemented,earthdata,https://opendap.cr.usgs.gov/opendap/hyrax/,https://opendap.cr.usgs.gov/opendap/hyrax/VNP09A1.001/contents.html,https://opendap.cr.usgs.gov/opendap/hyrax/VNP09A1.001/h00v08.ncml,XDim,YDim,time,eos_cf_projection,+proj=sinu +lon_0=0 +x_0=0 +y_0=0 +a=6371007.181 +b=6371007.181 +units=m +no_defs
VNP09H1.001,VIIRS,VIIRS/NPP Surface Reflectance 8-Day L3 Global 500 m SIN Grid,Surface reflectance,NASA USGS LP DAAC,https://lpdaac.usgs.gov/products/vnp09h1v001,https://doi.org/10.5067/VIIRS/VNP09H1.001,1,500,8,day,Global,2012-01-17,ongoing,12,https://search.earthdata.nasa.gov/search?q=VNP09H1.001&ok=VNP09H1.001,Implemented,earthdata,https://opendap.cr.usgs.gov/opendap/hyrax/,https://opendap.cr.usgs.gov/opendap/hyrax/VNP09H1.001/contents.html,https://opendap.cr.usgs.gov/opendap/hyrax/VNP09H1.001/h00v08.ncml,XDim,YDim,time,eos_cf_projection,+proj=sinu +lon_0=0 +x_0=0 +y_0=0 +a=6371007.181 +b=6371007.181 +units=m +no_defs
VNP13A2.001,VIIRS,VIIRS/NPP Vegetation Indices 16-Day L3 Global 1 km SIN Grid,Vegetation indices,NASA USGS LP DAAC,https://lpdaac.usgs.gov/products/vnp13a2v001,https://doi.org/10.5067/VIIRS/VNP13A2.001,1,1000,16,day,Global,2012-01-17,ongoing,20,https://search.earthdata.nasa.gov/search?q=VNP13A2.001&ok=VNP13A2.001,Implemented,earthdata,https://opendap.cr.usgs.gov/opendap/hyrax/,https://opendap.cr.usgs.gov/opendap/hyrax/VNP13A2.001/contents.html,https://opendap.cr.usgs.gov/opendap/hyrax/VNP13A2.001/h00v08.ncml,XDim,YDim,time,eos_cf_projection,+proj=sinu +lon_0=0 +x_0=0 +y_0=0 +a=6371007.181 +b=6371007.181 +units=m +no_defs
VNP13A3.001,VIIRS,VIIRS/NPP Vegetation Indices Monthly L3 Global 1 km SIN Grid,Vegetation indices,NASA USGS LP DAAC,https://lpdaac.usgs.gov/products/vnp13a3v001,https://doi.org/10.5067/VIIRS/VNP13A3.001,1,1000,30,day,Global,2012-01-01,ongoing,44,https://search.earthdata.nasa.gov/search?q=VNP13A3.001&ok=VNP13A3.001,Implemented,earthdata,https://opendap.cr.usgs.gov/opendap/hyrax/,https://opendap.cr.usgs.gov/opendap/hyrax/VNP13A3.001/contents.html,https://opendap.cr.usgs.gov/opendap/hyrax/VNP13A3.001/h00v08.ncml,XDim,YDim,time,eos_cf_projection,+proj=sinu +lon_0=0 +x_0=0 +y_0=0 +a=6371007.181 +b=6371007.181 +units=m +no_defs
VNP14A1.001,VIIRS,VIIRS/NPP Thermal Anomalies/Fire Daily L3 Global 1 km SIN Grid,Thermal Anomalies/Fire,NASA USGS LP DAAC,https://lpdaac.usgs.gov/products/vnp14a1v001,https://doi.org/10.5067/VIIRS/VNP14A1.001,1,1000,1,day,Global,2012-01-19,ongoing,2,https://search.earthdata.nasa.gov/search?q=VNP14A1.001&ok=VNP14A1.001,Implemented,earthdata,https://opendap.cr.usgs.gov/opendap/hyrax/,https://opendap.cr.usgs.gov/opendap/hyrax/VNP14A1.001/contents.html,https://opendap.cr.usgs.gov/opendap/hyrax/VNP14A1.001/h00v08.ncml,XDim,YDim,time,eos_cf_projection,+proj=sinu +lon_0=0 +x_0=0 +y_0=0 +a=6371007.181 +b=6371007.181 +units=m +no_defs
VNP15A2H.001,VIIRS,VIIRS/NPP Leaf Area Index/FPAR 8-Day L4 Global 500 m SIN Grid,Leaf area index,NASA USGS LP DAAC,https://lpdaac.usgs.gov/products/vnp15a2hv001,https://doi.org/10.5067/VIIRS/VNP15A2H.001,1,500,8,day,Global,2012-01-17,ongoing,12,https://search.earthdata.nasa.gov/search?q=VNP15A2H.001&ok=VNP15A2H.001,Implemented,earthdata,https://opendap.cr.usgs.gov/opendap/hyrax/,https://opendap.cr.usgs.gov/opendap/hyrax/VNP15A2H.001/contents.html,https://opendap.cr.usgs.gov/opendap/hyrax/VNP15A2H.001/h00v08.ncml,XDim,YDim,time,eos_cf_projection,+proj=sinu +lon_0=0 +x_0=0 +y_0=0 +a=6371007.181 +b=6371007.181 +units=m +no_defs
VNP43IA2.001,VIIRS,VIIRS/NPP BRDF/Albedo Quality Daily L3 Global 500 m SIN Grid,Albedo,NASA USGS LP DAAC,https://lpdaac.usgs.gov/products/vnp43ia2v001,https://doi.org/10.5067/VIIRS/VNP43IA2.001,1,500,1,day,Global,2012-01-17,ongoing,9,https://search.earthdata.nasa.gov/search?q=VNP43IA2.001&ok=VNP43IA2.001,Implemented,earthdata,https://opendap.cr.usgs.gov/opendap/hyrax/,https://opendap.cr.usgs.gov/opendap/hyrax/VNP43IA2.001/contents.html,https://opendap.cr.usgs.gov/opendap/hyrax/VNP43IA2.001/h00v08.ncml,XDim,YDim,time,eos_cf_projection,+proj=sinu +lon_0=0 +x_0=0 +y_0=0 +a=6371007.181 +b=6371007.181 +units=m +no_defs
VNP43IA3.001,VIIRS,VIIRS/NPP Albedo Daily L3 Global 500 m SIN Grid,Albedo,NASA USGS LP DAAC,https://lpdaac.usgs.gov/products/vnp43ia3v001,https://doi.org/10.5067/VIIRS/VNP43IA3.001,1,500,1,day,Global,2012-01-17,ongoing,9,https://search.earthdata.nasa.gov/search?q=VNP43IA3.001&ok=VNP43IA3.001,Implemented,earthdata,https://opendap.cr.usgs.gov/opendap/hyrax/,https://opendap.cr.usgs.gov/opendap/hyrax/VNP43IA3.001/contents.html,https://opendap.cr.usgs.gov/opendap/hyrax/VNP43IA3.001/h00v08.ncml,XDim,YDim,time,eos_cf_projection,+proj=sinu +lon_0=0 +x_0=0 +y_0=0 +a=6371007.181 +b=6371007.181 +units=m +no_defs
VNP43IA4.001,VIIRS,VIIRS/NPP Nadir BRDF-Adjusted Reflectance Daily L3 Global 500 m SIN Grid,Surface reflectance,NASA USGS LP DAAC,https://lpdaac.usgs.gov/products/vnp43ia4v001,https://doi.org/10.5067/VIIRS/VNP43IA4.001,1,500,1,day,Global,2012-01-17,ongoing,9,https://search.earthdata.nasa.gov/search?q=VNP43IA4.001&ok=VNP43IA4.001,Implemented,earthdata,https://opendap.cr.usgs.gov/opendap/hyrax/,https://opendap.cr.usgs.gov/opendap/hyrax/VNP43IA4.001/contents.html,https://opendap.cr.usgs.gov/opendap/hyrax/VNP43IA4.001/h00v08.ncml,XDim,YDim,time,eos_cf_projection,+proj=sinu +lon_0=0 +x_0=0 +y_0=0 +a=6371007.181 +b=6371007.181 +units=m +no_defs
VNP43MA1.001,VIIRS,VIIRS/NPP BRDF/Albedo Model Parameters Daily L3 Global 1 km SIN,Albedo,NASA USGS LP DAAC,https://lpdaac.usgs.gov/products/vnp43ma1v001,https://doi.org/10.5067/VIIRS/VNP43MA1.001,1,1000,1,day,Global,2012-01-17,ongoing,9,https://search.earthdata.nasa.gov/search?q=VNP43MA1.001&ok=VNP43MA1.001,Implemented,earthdata,https://opendap.cr.usgs.gov/opendap/hyrax/,https://opendap.cr.usgs.gov/opendap/hyrax/VNP43MA1.001/contents.html,https://opendap.cr.usgs.gov/opendap/hyrax/VNP43MA1.001/h00v08.ncml,XDim,YDim,time,eos_cf_projection,+proj=sinu +lon_0=0 +x_0=0 +y_0=0 +a=6371007.181 +b=6371007.181 +units=m +no_defs
VNP43MA2.001,VIIRS,VIIRS/NPP BRDF/Albedo Quality Daily L3 Global 1 km SIN Grid,Albedo,NASA USGS LP DAAC,https://lpdaac.usgs.gov/products/vnp43ma2v001,https://doi.org/10.5067/VIIRS/VNP43MA2.001,1,1000,1,day,Global,2012-01-17,ongoing,9,https://search.earthdata.nasa.gov/search?q=VNP43MA2.001&ok=VNP43MA2.001,Implemented,earthdata,https://opendap.cr.usgs.gov/opendap/hyrax/,https://opendap.cr.usgs.gov/opendap/hyrax/VNP43MA2.001/contents.html,https://opendap.cr.usgs.gov/opendap/hyrax/VNP43MA2.001/h00v08.ncml,XDim,YDim,time,eos_cf_projection,+proj=sinu +lon_0=0 +x_0=0 +y_0=0 +a=6371007.181 +b=6371007.181 +units=m +no_defs
VNP43MA3.001,VIIRS,VIIRS/NPP Albedo Daily L3 Global 1 km SIN Grid,Albedo,NASA USGS LP DAAC,https://lpdaac.usgs.gov/products/vnp43ma3v001,https://doi.org/10.5067/VIIRS/VNP43MA3.001,1,1000,1,day,Global,2012-01-17,ongoing,9,https://search.earthdata.nasa.gov/search?q=VNP43MA3.001&ok=VNP43MA3.001,Implemented,earthdata,https://opendap.cr.usgs.gov/opendap/hyrax/,https://opendap.cr.usgs.gov/opendap/hyrax/VNP43MA3.001/contents.html,https://opendap.cr.usgs.gov/opendap/hyrax/VNP43MA3.001/h00v08.ncml,XDim,YDim,time,eos_cf_projection,+proj=sinu +lon_0=0 +x_0=0 +y_0=0 +a=6371007.181 +b=6371007.181 +units=m +no_defs
VNP43MA4.001,VIIRS,VIIRS/NPP Nadir BRDF-Adjusted Reflectance Daily L3 Global 1 km SIN ,Surface reflectance,NASA USGS LP DAAC,https://lpdaac.usgs.gov/products/vnp43ma4v001,https://doi.org/10.5067/VIIRS/VNP43MA4.001,1,1000,1,day,Global,2012-01-17,ongoing,9,https://search.earthdata.nasa.gov/search?q=VNP43MA4.001&ok=VNP43MA4.001,Implemented,earthdata,https://opendap.cr.usgs.gov/opendap/hyrax/,https://opendap.cr.usgs.gov/opendap/hyrax/VNP43MA4.001/contents.html,https://opendap.cr.usgs.gov/opendap/hyrax/VNP43MA4.001/h00v08.ncml,XDim,YDim,time,eos_cf_projection,+proj=sinu +lon_0=0 +x_0=0 +y_0=0 +a=6371007.181 +b=6371007.181 +units=m +no_defs
GPM_L3/GPM_3IMERGDE.06,GPM,GPM IMERG Early Precipitation L3 1 day 0.1 degree x 0.1 degree V06,Rainfall,NASA GES DISC,https://disc.gsfc.nasa.gov/datasets/GPM_3IMERGDE_06/summary,https://doi.org/10.5067/GPM/IMERGDE/DAY/06,6,10000,1,day,Global,2000-06-01,ongoing,1,https://search.earthdata.nasa.gov/search?q=GPM_3IMERGDE_06,Implemented,earthdata,https://gpm1.gesdisc.eosdis.nasa.gov/opendap/,https://gpm1.gesdisc.eosdis.nasa.gov/opendap/GPM_L3/GPM_3IMERGDE.06/,https://gpm1.gesdisc.eosdis.nasa.gov/opendap/GPM_L3/GPM_3IMERGDE.06/2000/06/3B-DAY-E.MS.MRG.3IMERG.20000601-S000000-E235959.V06.nc4,lon,lat,time,NA,"+init=epsg:4326 +proj=longlat +datum=WGS84 +no_defs +ellps=WGS84 +towgs84=0,0,0"
GPM_L3/GPM_3IMERGHHE.06,GPM,GPM IMERG Early Precipitation L3 Half Hourly 0.1 degree x 0.1 degree V06,Rainfall,NASA GES DISC,https://disc.gsfc.nasa.gov/datasets/GPM_3IMERGDHHE_06/summary,https://doi.org/10.5067/GPM/IMERG/3B-HH-E/06,6,10000,30,minute,Global,2000-06-01,ongoing,0,https://search.earthdata.nasa.gov/search?q=GPM_3IMERGHHE_06,Implemented,earthdata,https://gpm1.gesdisc.eosdis.nasa.gov/opendap/,https://gpm1.gesdisc.eosdis.nasa.gov/opendap/GPM_L3/GPM_3IMERGHHE.06/,https://gpm1.gesdisc.eosdis.nasa.gov/opendap/GPM_L3/GPM_3IMERGHHE.06/2000/153/3B-HHR-E.MS.MRG.3IMERG.20000601-S000000-E002959.0000.V06B.HDF5,lon,lat,time,NA,"+init=epsg:4326 +proj=longlat +datum=WGS84 +no_defs +ellps=WGS84 +towgs84=0,0,1"
GPM_L3/GPM_3IMERGHHL.06,GPM,GPM IMERG Late Precipitation L3 Half Hourly 0.1 degree x 0.1 degree V06,Rainfall,NASA GES DISC,https://disc.gsfc.nasa.gov/datasets/GPM_3IMERGHHL_06/summary,https://doi.org/10.5067/GPM/IMERG/3B-HH-L/06 ,6,10000,30,minute,Global,2000-06-01,ongoing,1,https://search.earthdata.nasa.gov/search?q=GPM_3IMERGHHL_06,Implemented,earthdata,https://gpm1.gesdisc.eosdis.nasa.gov/opendap/,https://gpm1.gesdisc.eosdis.nasa.gov/opendap/GPM_L3/GPM_3IMERGHHL.06/,https://gpm1.gesdisc.eosdis.nasa.gov/opendap/GPM_L3/GPM_3IMERGHHL.06/2000/153/3B-HHR-L.MS.MRG.3IMERG.20000601-S000000-E002959.0000.V06B.HDF5,lon,lat,time,NA,"+init=epsg:4326 +proj=longlat +datum=WGS84 +no_defs +ellps=WGS84 +towgs84=0,0,2"
GPM_L3/GPM_3IMERGDF.06,GPM,GPM IMERG Final Precipitation L3 1 day 0.1 degree x 0.1 degree V06,Rainfall,NASA GES DISC,https://disc.gsfc.nasa.gov/datasets/GPM_3IMERGDF_06/summary,https://doi.org/10.5067/GPM/IMERGDF/DAY/06,6,10000,1,day,Global,2000-06-01,ongoing,100,https://search.earthdata.nasa.gov/search?q=GPM_3IMERGDF_06,Implemented,earthdata,https://gpm1.gesdisc.eosdis.nasa.gov/opendap/,https://gpm1.gesdisc.eosdis.nasa.gov/opendap/GPM_L3/GPM_3IMERGDF.06/,https://gpm1.gesdisc.eosdis.nasa.gov/opendap/hyrax/GPM_L3/GPM_3IMERGDF.06/2000/06/3B-DAY.MS.MRG.3IMERG.20000601-S000000-E235959.V06.nc4,lon,lat,time,NA,"+init=epsg:4326 +proj=longlat +datum=WGS84 +no_defs +ellps=WGS84 +towgs84=0,0,3"
GPM_L3/GPM_3IMERGHH.06,GPM,GPM IMERG Final Precipitation L3 Half Hourly 0.1 degree x 0.1 degree V06,Rainfall,NASA GES DISC,https://disc.gsfc.nasa.gov/datasets/GPM_3IMERGHH_06/summary,https://doi.org/10.5067/GPM/IMERG/3B-HH/06,6,10000,30,minute,Global,2000-06-01,ongoing,100,https://search.earthdata.nasa.gov/search?q=GPM_3IMERGHH_06,Implemented,earthdata,https://gpm1.gesdisc.eosdis.nasa.gov/opendap/,https://gpm1.gesdisc.eosdis.nasa.gov/opendap/GPM_L3/GPM_3IMERGHH.06/,https://gpm1.gesdisc.eosdis.nasa.gov/opendap/hyrax/GPM_L3/GPM_3IMERGHH.06/2000/153/3B-HHR.MS.MRG.3IMERG.20000601-S000000-E002959.0000.V06B.HDF5,lon,lat,time,NA,"+init=epsg:4326 +proj=longlat +datum=WGS84 +no_defs +ellps=WGS84 +towgs84=0,0,4"
GPM_L3/GPM_3IMERGM.06,GPM,GPM IMERG Final Precipitation L3 1 month 0.1 degree x 0.1 degree V06,Rainfall,NASA GES DISC,https://disc.gsfc.nasa.gov/datasets/GPM_3IMERGM_06/summary,https://doi.org/10.5067/GPM/IMERG/3B-MONTH/06,6,10000,1,month,Global,2000-06-01,ongoing,100,https://search.earthdata.nasa.gov/search?q=GPM_3IMERGM_06,Implemented,earthdata,https://gpm1.gesdisc.eosdis.nasa.gov/opendap/,https://gpm1.gesdisc.eosdis.nasa.gov/opendap/GPM_L3/GPM_3IMERGM.06/,https://gpm1.gesdisc.eosdis.nasa.gov/opendap/hyrax/GPM_L3/GPM_3IMERGM.06/2000/3B-MO.MS.MRG.3IMERG.20000601-S000000-E235959.06.V06B.HDF5,lon,lat,time,NA,"+init=epsg:4326 +proj=longlat +datum=WGS84 +no_defs +ellps=WGS84 +towgs84=0,0,5"
GPM_L3/GPM_3IMERGDL.06,GPM,GPM IMERG Late Precipitation L3 1 day 0.1 degree x 0.1 degree V06,Rainfall,NASA GES DISC,https://disc.gsfc.nasa.gov/datasets/GPM_3IMERGDL_06/summary,https://doi.org/10.5067/GPM/IMERGDL/DAY/06,6,10000,1,day,Global,2000-06-01,ongoing,1,https://search.earthdata.nasa.gov/search?q=GPM_3IMERGDL_06,Implemented,earthdata,https://gpm1.gesdisc.eosdis.nasa.gov/opendap/,https://gpm1.gesdisc.eosdis.nasa.gov/opendap/GPM_L3/GPM_3IMERGDL.06/,https://gpm1.gesdisc.eosdis.nasa.gov/opendap/hyrax/GPM_L3/GPM_3IMERGDL.06/2000/06/3B-DAY-L.MS.MRG.3IMERG.20000601-S000000-E235959.V06.nc4,lon,lat,time,NA,"+init=epsg:4326 +proj=longlat +datum=WGS84 +no_defs +ellps=WGS84 +towgs84=0,0,0"
SMAP/SPL3SMP_E.003,SMAP,"SMAP Enhanced L3 Radiometer Global Daily 9 km EASE-Grid Soil Moisture, Version 3",Soil Moisture,NASA NSIDC DAAC,https://nsidc.org/data/spl3smp_e#sm,https://doi.org/10.5067/T90W6VRLCBHI,3,9000,1,day,Global,2015-03-31,ongoing,2,https://nsidc.org/data/spl3smp_e?qt-data_set_tabs=1#qt-data_set_tabs,Implemented,earthdata,https://n5eil02u.ecs.nsidc.org/opendap/,https://n5eil02u.ecs.nsidc.org/opendap/SMAP/SPL3SMP_E.003/,https://n5eil02u.ecs.nsidc.org/opendap/SMAP/SPL3SMP_E.003/2015.04.07/SMAP_L3_SM_P_E_20150407_R16510_001.h5,Soil_Moisture_Retrieval_Data_AM_longitude,Soil_Moisture_Retrieval_Data_AM_latitude,NA,NA,"+proj=cea +lon_0=0 +lat_ts=30 +x_0=0 +y_0=0 +datum=WGS84 +units=m +no_defs +ellps=WGS84 +towgs84=0,0,0"
VNP46A1,VIIRS,VIIRS/NPP Daily Gridded Day Night Band 500m Linear Lat Lon Grid Night,Night lights,NASA LAADS DAAC ,https://ladsweb.modaps.eosdis.nasa.gov/missions-and-measurements/products/VNP46A1/,https://doi.org/10.5067/VIIRS/VNP46A1.001,1,500,1,day,Global,2012-01-01,ongoing,1,https://search.earthdata.nasa.gov/search?q=VNP46A1.001&ok=VNP46A1.001,Implemented,earthdata,https://ladsweb.modaps.eosdis.nasa.gov/opendap/hyrax/allData/5000/,https://ladsweb.modaps.eosdis.nasa.gov/opendap/hyrax/allData/5000/VNP46A1/contents.html,https://ladsweb.modaps.eosdis.nasa.gov/opendap/hyrax/allData/5000/VNP46A1/2016/001/VNP46A1.A2016001.h00v00.001.2019163065747.h5,lon,lat,NA,NA,"+init=epsg:4326 +proj=longlat +datum=WGS84 +no_defs +ellps=WGS84 +towgs84=0,0,0"
